{"sequential": {"rmse": 0.031975422564827195, "mse": 0.0010224276481992601, "mae": 0.023072144941121427, "rmse_naive": 0.03217784290721952, "mse_naive": 0.0010354135741616974, "mae_naive": 0.023276707679540168, "rmse_er": 0.03221550515930843, "mse_er": 0.0010378387726694281, "mae_er": 0.0232352783315099, "epoch_count": 46}, "functional": {"rmse": 0.04267296447259553, "mse": 0.0018209818968794006, "mae": 0.03450360658815996, "rmse_naive": 0.033480098266645136, "mse_naive": 0.0011209169799442148, "mae_naive": 0.024538768693565225, "rmse_er": 0.0335577619756951, "mse_er": 0.001126123388817408, "mae_er": 0.024540495104475996, "epoch_count": 100}}