{"sequential_1": {"rmse": 0.03206608014776959, "mse": 0.001028233496043183, "mae": 0.02313831567609687, "rmse_naive": 0.03217784290721952, "mse_naive": 0.0010354135741616974, "mae_naive": 0.023276707679540168, "rmse_er": 0.03221550515930843, "mse_er": 0.0010378387726694281, "mae_er": 0.0232352783315099, "epoch_count": 30}}