Accuracy,Precision,Recall,F1 Score
0.5260273972602739,0.5263888888888889,0.9869791666666666,0.6865942028985508
