Accuracy,Precision,Recall,F1 Score
0.5246575342465754,0.5594855305466238,0.453125,0.5007194244604316
