Accuracy,Precision,Recall,F1 Score
0.5315068493150685,0.5338709677419354,0.8619791666666666,0.6593625498007968
