Accuracy,Precision,Recall,F1 Score
0.5031746031746032,0.7222222222222222,0.040498442367601244,0.07669616519174041
